Id,Comment,Label,Cleaned_Comment,Label_Encoded
1,16 Februari hari kematian mantan mu Dann hari ulang tahun mu BG kauu haruss selalu mengingat ituu,Negative, februari hari kematian mantan mu dann hari ulang tahun mu bg kauu haruss selalu mengingat ituu,0.0
2,Tidak layak menjadi bintang dunia,Negative,tidak layak menjadi bintang dunia,0.0
3,Sok paling ganteng ternyata redflagğŸ¤®ğŸ¤®ğŸ¤®ğŸ¤®ğŸ¤®ğŸ¤®ğŸ¤®,Negative,sok paling ganteng ternyata redflag,0.0
4,Payah lo bang? Cuma di film lagaknya gentle. Didunia nyata? Jauh dari kata gentle. ğŸ¤®,Negative,payah lo bang cuma di film lagaknya gentle didunia nyata jauh dari kata gentle ,0.0
5,"Merasa sipaling oke bgt, muka pdhl udah peyot juga gamikir udah lansia",Negative,merasa sipaling oke bgt muka pdhl udah peyot juga gamikir udah lansia,0.0
6,Pake dalemannya bang ketinggalan noh dirumah mantan,Negative,pake dalemannya bang ketinggalan noh dirumah mantan,0.0
7,shiballl,Negative,shiballl,0.0
8,Masa pacaran sama bocah bang,Negative,masa pacaran sama bocah bang,0.0
9,"Jangan BANGGA dulu, baru juga menang 1 KALI, kita lihat kedepan dulu",Negative,jangan bangga dulu baru juga menang  kali kita lihat kedepan dulu,0.0
10,Lu jangan nyoba hero di ranked lah.,Negative,lu jangan nyoba hero di ranked lah,0.0
11,"halah, kok gue curiga sengaja d bikin menang . krn klo kalah, dia d tuntut d pecat",Negative,halah kok gue curiga sengaja d bikin menang  krn klo kalah dia d tuntut d pecat,0.0
12,"Yaiyalah federasi backing, mereka kan harus mempertahankan gengsi sama keputusan yg mereka buat. Strateginya salah tetep bakal dicebok kok biar ga malu",Negative,yaiyalah federasi backing mereka kan harus mempertahankan gengsi sama keputusan yg mereka buat strateginya salah tetep bakal dicebok kok biar ga malu,0.0
13,Jangan eksperimen2 di laga penting lagi pak petrik.,Negative,jangan eksperimen di laga penting lagi pak petrik,0.0
14,"suami kerja di Sampoerna kayu, Alhamdulillah gajian telat Bae..... saking telat nya 1 bulan terlewatkan gitu aja tanpa di bayar",Negative,suami kerja di sampoerna kayu alhamdulillah gajian telat bae saking telat nya  bulan terlewatkan gitu aja tanpa di bayar,0.0
15,"dengan benefit seperti itu, jangan harap work life balance gaes.",Negative,dengan benefit seperti itu jangan harap work life balance gaes,0.0
16,"oylah laki gue di Sampoerna kerjanya bukan 24jam lg wkwk, sampe erorrr itu jam xğŸ˜­",Negative,oylah laki gue di sampoerna kerjanya bukan jam lg wkwk sampe erorrr itu jam x,0.0
17,tau kan artinya benefit gedeğŸ˜Œ bisa bisa seluruh hidup mu cuma tentang perusahaanğŸ˜‚ğŸ˜‚ğŸ˜‚,Negative,tau kan artinya benefit gede bisa bisa seluruh hidup mu cuma tentang perusahaan,0.0
18,Hahaha jam kerja fleksibel itu tengah malem lu juga harus stand by ya guysğŸ¥°,Negative,hahaha jam kerja fleksibel itu tengah malem lu juga harus stand by ya guys,0.0
19,"benefitnya gede, gajinya gede, tekanannya jauh lebih gedeeee",Negative,benefitnya gede gajinya gede tekanannya jauh lebih gedeeee,0.0
20,"Cewek sekarang banyak bener tuntutannya, kalo ditanya dianya bisa apa, bisa dandan doangğŸ˜…",Negative,cewek sekarang banyak bener tuntutannya kalo ditanya dianya bisa apa bisa dandan doang,0.0
21,Ya jangan samain cewek indo sama luar negri lah jelas beda sdm,Negative,ya jangan samain cewek indo sama luar negri lah jelas beda sdm,0.0
22,Masalahnya cowo sini tu ga bs kerja domestik,Negative,masalahnya cowo sini tu ga bs kerja domestik,0.0
23,Jangan kelamaan dibiayain bini.. lama2 bisa jengkel jg lhooo suatu saat,Negative,jangan kelamaan dibiayain bini lama bisa jengkel jg lhooo suatu saat,0.0
24,"Mending lu diem deh bang,udah hilang respect sama lu jdi yah omongan lu ga lebih dari kata kata kosong",Negative,mending lu diem deh bangudah hilang respect sama lu jdi yah omongan lu ga lebih dari kata kata kosong,0.0
25,"Ngak berlaku laki2 yg gaji UMR Konoha, ini fakta lohhh",Negative,ngak berlaku laki yg gaji umr konoha ini fakta lohhh,0.0
26,FOTO LAMA ? GA ADA DUIT LAGI KAH BUAT PURA PURA TERLIHAT KAYA,Negative,foto lama  ga ada duit lagi kah buat pura pura terlihat kaya,0.0
27,Semakin yakin untuk korupsi,Negative,semakin yakin untuk korupsi,0.0
28,sesuai sih muka sama kelakuan. â˜º,Negative,sesuai sih muka sama kelakuan ,0.0
29,eh bang? yang ganteng aja gak gitu loh ğŸ™,Negative,eh bang yang ganteng aja gak gitu loh ,0.0
30,Beli 1 ice cream kek beli saham ğŸ˜©,Negative,beli  ice cream kek beli saham ,0.0
31,"Pentingnya nafkah pake duit halal si bang intinya, klo ga mau punya anak model gini",Negative,pentingnya nafkah pake duit halal si bang intinya klo ga mau punya anak model gini,0.0
32,Ketika Supir ALS pacaran ama LC,Negative,ketika supir als pacaran ama lc,0.0
33,Bro ber pikir bro keren,Negative,bro ber pikir bro keren,0.0
34,anak mami,Negative,anak mami,0.0
35,Gimana kalo si pacarnya yg digituin sama orang.. hmmmğŸ˜Œ,Negative,gimana kalo si pacarnya yg digituin sama orang hmmm,0.0
36,Kayak besi dalaman kabelğŸ˜¢ğŸ˜¢,Negative,kayak besi dalaman kabel,0.0
37,Bungkus rokok dalemannya bukannya sama ya. Yang kuning emas gituğŸ˜ğŸ˜… maaf ya bu jullidğŸ˜‚,Negative,bungkus rokok dalemannya bukannya sama ya yang kuning emas gitu maaf ya bu jullid,0.0
38,"Pengen nyobek!!
",Negative,"pengen nyobek
",0.0
39,"Warna paku berkarat kerendem air
",Negative,"warna paku berkarat kerendem air
",0.0
40,Aura bungkus roko sangat kuat,Negative,aura bungkus roko sangat kuat,0.0
41,Saingan manusia silverğŸ˜‚,Negative,saingan manusia silver,0.0
42,Astaghfirullah seriusan dri jauh ak kira lgi cosplay costum fir'aunğŸ˜­,Negative,astaghfirullah seriusan dri jauh ak kira lgi cosplay costum firaun,0.0
43,"Sakit perut seperti itu jangan di diemin ya guys bisa terjadi luka di lambung karna makan pedas, kalau ada mual jangan di kasih susu, tapi minum obat lambung seperti polisilen cair dsb",Negative,sakit perut seperti itu jangan di diemin ya guys bisa terjadi luka di lambung karna makan pedas kalau ada mual jangan di kasih susu tapi minum obat lambung seperti polisilen cair dsb,0.0
44,Cmn karna makanan 10rebu relaa nyakitin diri sendiri?? ğŸ‘ğŸ‘,Negative,cmn karna makanan rebu relaa nyakitin diri sendiri ,0.0
45,"Aduh aa, jgn nyiksa diri",Negative,aduh aa jgn nyiksa diri,0.0
46,Ngawur bgt sumpa,Negative,ngawur bgt sumpa,0.0
47,cina pelit,Negative,cina pelit,0.0
48,ci piring nya ga dijilat juga,Negative,ci piring nya ga dijilat juga,0.0
49,pisang enga sak kulit e di mkan biarlebih kenyangâœŒï¸ğŸ™„.,Negative,pisang enga sak kulit e di mkan biarlebih kenyang,0.0
50,anjir segitunya,Negative,anjir segitunya,0.0
51,PDHL DIA SENDIRI YG BILANG DIRINYA OLD MONEYğŸ˜­,Negative,pdhl dia sendiri yg bilang dirinya old money,0.0
52,old money? money laundry kali,Negative,old money money laundry kali,0.0
53,"""RUMAH disamping pembuangan sampah"" Oh Pantes udah jelas...dr makanya",Negative,rumah disamping pembuangan sampah oh pantes udah jelasdr makanya,0.0
54,Jadinya muka old money apa muka dikira pembantu sihğŸ˜­,Negative,jadinya muka old money apa muka dikira pembantu sih,0.0
55,mana ada malah kek ga keurus gtuğŸ¤£,Negative,mana ada malah kek ga keurus gtu,0.0
56,jd dibilang muka old money apa mirip babysitter ğŸ˜­,Negative,jd dibilang muka old money apa mirip babysitter ,0.0
57,klo makan kayak takut ngk kebagian ğŸ˜ğŸ˜ğŸ˜,Negative,klo makan kayak takut ngk kebagian ,0.0
58,Pret lah,Negative,pret lah,0.0
59,YANG JADI TEMEN NYA KO BETAHHHHHH,Negative,yang jadi temen nya ko betahhhhhh,0.0
60,lewat fyp mulu anj,Negative,lewat fyp mulu anj,0.0
61,"DIA ASIK SENDIRI WELLLLğŸ˜­""",Negative,dia asik sendiri wellll,0.0
62,Dua duanya Preman :),Negative,dua duanya preman ,0.0
63,kok bisa umur 22 rambutnya pada hilang ğŸ—¿,Negative,kok bisa umur  rambutnya pada hilang ,0.0
64,ancritttt tiket jogja udah abis anjir,Negative,ancritttt tiket jogja udah abis anjir,0.0
65,pembohong publik,Negative,pembohong publik,0.0
66,wkwkwk sifat aslinya skrg keluar ğŸ¤ª makanya kalo gakuat jd influencer gaush maksa. skrg di komen dikit lgsg mau bales semua komentar ğŸ˜†ğŸ˜† kocakk,Negative,wkwkwk sifat aslinya skrg keluar  makanya kalo gakuat jd influencer gaush maksa skrg di komen dikit lgsg mau bales semua komentar  kocakk,0.0
67,Lah Islam kah? Di akun sebalah katanya makan B2 bener tah??,Negative,lah islam kah di akun sebalah katanya makan b bener tah,0.0
68,tapi kontenÂ²nya flexing,Negative,tapi kontennya flexing,0.0
69,"jadi ngopi atau minum macha di pinggir danau, padahal sungai",Negative,jadi ngopi atau minum macha di pinggir danau padahal sungai,0.0
70,pick me pick me,Negative,pick me pick me,0.0
71,ga peduli kak,Negative,ga peduli kak,0.0
72,kurang ka segitu mah harusnya cabe 1ton,Negative,kurang ka segitu mah harusnya cabe ton,0.0
73,anj anak skrg waktu sekolah SD gak belajar Matematika kah?? kenapa rataÂ² nyalahin yg 6+3x4 = 18.. malah jawabannya 36... kacau kacau kacau....,Negative,anj anak skrg waktu sekolah sd gak belajar matematika kah kenapa rata nyalahin yg x   malah jawabannya  kacau kacau kacau,0.0
74,"Emang ya orang indo matematika dasar begini udah wajib bisa sihh harusnya, bukan malah bangga cuma karna matematika dasar bisa trus dibilang pinter ğŸ˜­ğŸ™",Negative,emang ya orang indo matematika dasar begini udah wajib bisa sihh harusnya bukan malah bangga cuma karna matematika dasar bisa trus dibilang pinter ,0.0
75,LU KONT*L PAK SUMPAH,Negative,lu kontl pak sumpah,0.0
76,GA PERNAH SEMUAK INI SAMA NENEK,Negative,ga pernah semuak ini sama nenek,0.0
77,playing victim,Negative,playing victim,0.0
78,gak nyangka kalo mami bakal kayak gini,Negative,gak nyangka kalo mami bakal kayak gini,0.0
79,betulss. gakk Suka lagi nenek2..,Negative,betulss gakk suka lagi nenek,0.0
80,air mata buaya tuh mami louissee,Negative,air mata buaya tuh mami louissee,0.0
81,sisi gelap nya kegelapan mami ğŸ˜€,Negative,sisi gelap nya kegelapan mami ,0.0
82,minta maaf doang nihh??ğŸ˜¹,Negative,minta maaf doang nihh,0.0
83,mami kagak kali gw bukan anak lu!???? ğŸ’¢ğŸ’¢ğŸ’¢,Negative,mami kagak kali gw bukan anak lu ,0.0
84,hatiÂ² yang jadi temennyağŸ˜‚ğŸ˜‚,Negative,hati yang jadi temennya,0.0
85,mami kamu tuh coba kalau chat itu nnya salting buat apa ya jawab emoticon ketawa bukan berarti salting .hmm,Negative,mami kamu tuh coba kalau chat itu nnya salting buat apa ya jawab emoticon ketawa bukan berarti salting hmm,0.0
86,"racik lagi coach untuk lini tengah biar enak diliat mainnya ga crossing"" ke depan mulu",Netral,racik lagi coach untuk lini tengah biar enak diliat mainnya ga crossing ke depan mulu,1.0
87,eh ini aslii??ğŸ˜­,Netral,eh ini aslii,1.0
88,Ini beneran gasi?ğŸ˜­ (Serius tanya dg nada lemah lembut),Netral,ini beneran gasi serius tanya dg nada lemah lembut,1.0
89,gaada orang sempurna,Netral,gaada orang sempurna,1.0
90,"ooh itu namanya tics disorder ya, aku soalnya ada gt jg tp syukurnya g parah sih",Netral,ooh itu namanya tics disorder ya aku soalnya ada gt jg tp syukurnya g parah sih,1.0
91,ternyata setiap manusia bener-bener ada kurang lebihnya sendiri ya..,Netral,ternyata setiap manusia benerbener ada kurang lebihnya sendiri ya,1.0
92,maaf mau tanya kalau kayak gini bisa bawa kendaraan ga ya? karena kan itu kita gabisa tau kapan bereaksi nyağŸ™ğŸ»,Netral,maaf mau tanya kalau kayak gini bisa bawa kendaraan ga ya karena kan itu kita gabisa tau kapan bereaksi nya,1.0
93,"kak, mohon maaf mau tanya, ini sama kayak tourrete syndrome ya? ğŸ¥¹",Netral,kak mohon maaf mau tanya ini sama kayak tourrete syndrome ya ,1.0
94,reyal or fakeğŸ¤ª,Netral,reyal or fake,1.0
95,Bca berlaku cmn kartap kalo bakti mah gasebanyak ituğŸ˜­,Netral,bca berlaku cmn kartap kalo bakti mah gasebanyak itu,1.0
96,kerjanya ngapain ajasiii?,Netral,kerjanya ngapain ajasiii,1.0
97,"owalah pantes im3 mahal yh, selangit harganya naik pulak tiap beberapa periode ğŸ˜„ğŸ˜„ğŸ˜„ğŸ˜„ğŸ˜„",Netral,owalah pantes im mahal yh selangit harganya naik pulak tiap beberapa periode ,1.0
98,indosat jam flexibel? hahaha masa?,Netral,indosat jam flexibel hahaha masa,1.0
99,"pas kuliah aku baru notice, perusahaan tuh kalau mau maju harus mensejahterakan SDM nya, ya intinya gtu panjang kalau dijlsinğŸ˜…",Netral,pas kuliah aku baru notice perusahaan tuh kalau mau maju harus mensejahterakan sdm nya ya intinya gtu panjang kalau dijlsin,1.0
100,"gaji besar = pressure besar. dimana2 gitu. itu wajar, hehe..ğŸ˜€ğŸ˜€",Netral,gaji besar  pressure besar dimana gitu itu wajar hehe,1.0
101,gimana sih beli saham ?,Netral,gimana sih beli saham ,1.0
102,ok dmn info lokernya,Netral,ok dmn info lokernya,1.0
103,Di Jepang gausah perusahaan2 tertentu bahkan kerja jd cleaning service hotel jg dapet bonus ğŸ˜‚,Netral,di jepang gausah perusahaan tertentu bahkan kerja jd cleaning service hotel jg dapet bonus ,1.0
104,Setujuhhh banget,Netral,setujuhhh banget,1.0
105,Aku juga kalo holiday aku yg bayarin suami ku 100% ini sejak aku nikah sama suami ju dan tinggal di London,Netral,aku juga kalo holiday aku yg bayarin suami ku  ini sejak aku nikah sama suami ju dan tinggal di london,1.0
106,Selama ini yang ngerekamin siapa bang ?,Netral,selama ini yang ngerekamin siapa bang ,1.0
107,Bg lebih dahulukan kebutuhan primer atau langsung inves?,Netral,bg lebih dahulukan kebutuhan primer atau langsung inves,1.0
108,"mba kasirnya bilang apa ga kedengeran?
",Netral,"mba kasirnya bilang apa ga kedengeran
",1.0
109,"Ceweknya bilang apa? â€œEmangâ€?
",Netral,"ceweknya bilang apa emang
",1.0
110,"Ga bisa ikutan, ga ngerti kasusnya, ga tau vt nyağŸ¤£",Netral,ga bisa ikutan ga ngerti kasusnya ga tau vt nya,1.0
111,udh hilang ya vidio aslinya,Netral,udh hilang ya vidio aslinya,1.0
112,betulllll,Netral,betulllll,1.0
113,Apa Ndak panas yaaa,Netral,apa ndak panas yaaa,1.0
114,min kualat luğŸ˜‚ğŸ˜‚ğŸ˜‚,Netral,min kualat lu,1.0
115,Dia sadar loh bang kalau direkam ğŸ˜‚ğŸ˜‚ğŸ˜‚,Netral,dia sadar loh bang kalau direkam ,1.0
116,Itu baju beli sendiri apa dibeliin anak y,Netral,itu baju beli sendiri apa dibeliin anak y,1.0
117,Bukan emak gua sumpahğŸ˜­,Netral,bukan emak gua sumpah,1.0
118,"Berapa karat tu
",Netral,"berapa karat tu
",1.0
119,"lidah kuat, lambung belum tentuğŸ˜‚",Netral,lidah kuat lambung belum tentu,1.0
120,Bear brand 2 kaleng,Netral,bear brand  kaleng,1.0
121,Kasih HCL bang biar ususnya bersih,Netral,kasih hcl bang biar ususnya bersih,1.0
122,Lvl 9 emang semengeeikan itukahh? Kok kek B aja sihh,Netral,lvl  emang semengeeikan itukahh kok kek b aja sihh,1.0
123,Apa aku doank yg gak doyan gacoanğŸ˜¢,Netral,apa aku doank yg gak doyan gacoan,1.0
124,pedas hanya ilusi tetapi mencret sudahlah pasti,Netral,pedas hanya ilusi tetapi mencret sudahlah pasti,1.0
125,hallo ciii,Netral,hallo ciii,1.0
126,aku juga sering gituin celanaku yang kegedean ğŸ˜­,Netral,aku juga sering gituin celanaku yang kegedean ,1.0
127,terserah yg penting makan,Netral,terserah yg penting makan,1.0
128,semua org siapa anjir?,Netral,semua org siapa anjir,1.0
129,IYA MBAK IYAğŸ˜…,Netral,iya mbak iya,1.0
130,kak udah kakkğŸ™ğŸ¥º,Netral,kak udah kakk,1.0
131,wkwkwk,Netral,wkwkwk,1.0
132,perasaan banyak bgt orang yg komen tentang dia ğŸ¤£,Netral,perasaan banyak bgt orang yg komen tentang dia ,1.0
133,"coba kalian cari pacar Justin hubner, tebak nanti yang muncul siapa",Netral,coba kalian cari pacar justin hubner tebak nanti yang muncul siapa,1.0
134,"jadi, siapa nih dipilih aisar atau Justin hubnerğŸ˜­",Netral,jadi siapa nih dipilih aisar atau justin hubner,1.0
135,YANG LOGIN SIAPAğŸ˜­ğŸ˜­ğŸ˜­,Netral,yang login siapa,1.0
136,"gimana para saksi, sahhhğŸ¤£",Netral,gimana para saksi sahhh,1.0
137,nama kapalnya apaa,Netral,nama kapalnya apaa,1.0
138,ada yg sama GK salfok sama hp nya Justin hubner ğŸ—¿,Netral,ada yg sama gk salfok sama hp nya justin hubner ,1.0
139,AKU NAIK KAPAL YANG INI AJA DEHğŸ˜­,Netral,aku naik kapal yang ini aja deh,1.0
140,ambil wudhu nya gimana? kan hrus kna kulit kepala,Netral,ambil wudhu nya gimana kan hrus kna kulit kepala,1.0
141,Menurutku diusia yg masih 22 mending usaha buat numbuhin rambutnya kembali dgn bbrp hairtreatment / tanam rambut karna kalau pakai rambut tempel gtu jadinya menghambat pertumbuhan rambut gasii,Netral,menurutku diusia yg masih  mending usaha buat numbuhin rambutnya kembali dgn bbrp hairtreatment  tanam rambut karna kalau pakai rambut tempel gtu jadinya menghambat pertumbuhan rambut gasii,1.0
142,btw itu kenapa harus pke itu ka?,Netral,btw itu kenapa harus pke itu ka,1.0
143,knp bisa botak SHARING KAKA,Netral,knp bisa botak sharing kaka,1.0
144,hair spraynya beli di mn k?,Netral,hair spraynya beli di mn k,1.0
145,btw kak udh pernah coba prp treatment kah?,Netral,btw kak udh pernah coba prp treatment kah,1.0
146,Kalo pangkas rambut biasanya bilangnya gimana kak? Lagi ngumpulin info soal hair topper nih.,Netral,kalo pangkas rambut biasanya bilangnya gimana kak lagi ngumpulin info soal hair topper nih,1.0
147,kalo gatel bisa digaruk nggak?,Netral,kalo gatel bisa digaruk nggak,1.0
148,kalo pas berenang lepas gaa kakk?? ğŸ˜­,Netral,kalo pas berenang lepas gaa kakk ,1.0
149,"itu harus di lem terus atau gmn ka, baru tauu",Netral,itu harus di lem terus atau gmn ka baru tauu,1.0
150,"Kalau konser kek gini, boleh bawa bendera Slank gak kak?",Netral,kalau konser kek gini boleh bawa bendera slank gak kak,1.0
151,info tiket pls,Netral,info tiket pls,1.0
152,Mas mas kompetitor itu udah ga berantem ?,Netral,mas mas kompetitor itu udah ga berantem ,1.0
153,circle ga makan gorengan,Netral,circle ga makan gorengan,1.0
154,gacorğŸ˜­,Netral,gacor,1.0
155,ini kolaborasi macam apağŸ˜­,Netral,ini kolaborasi macam apa,1.0
156,sedih banget orang indonesia kalau ngehujat nomor satu padahal dia sama sekli nggk ngerugiin orang lain,Netral,sedih banget orang indonesia kalau ngehujat nomor satu padahal dia sama sekli nggk ngerugiin orang lain,1.0
157,"kenapa sih orang indonesia ketikannya,omongan nya ga di jaga,padahal kakak ini cuman bikin konteng yang menceritakan kesehariannya,tentang makanan kalo dia bisa pedes",Netral,kenapa sih orang indonesia ketikannyaomongan nya ga di jagapadahal kakak ini cuman bikin konteng yang menceritakan kesehariannyatentang makanan kalo dia bisa pedes,1.0
158,ka suka seblak ga?,Netral,ka suka seblak ga,1.0
159,nagetnya di kukus duluu lebih tahan lamaaağŸ™,Netral,nagetnya di kukus duluu lebih tahan lamaaa,1.0
160,mereka lupa klau dia ChinağŸ—¿,Netral,mereka lupa klau dia china,1.0
161,tapi gak usah suruh vior masak aja soalnya resep DEBM semua ğŸ¤£ğŸ¤£,Netral,tapi gak usah suruh vior masak aja soalnya resep debm semua ,1.0
162,"tapi beneran ada yg kya vior, di akademi cerdas tp klo ngobrol sama orang lemot ğŸ˜­",Netral,tapi beneran ada yg kya vior di akademi cerdas tp klo ngobrol sama orang lemot ,1.0
163,videonya udh ga ada ya(,Netral,videonya udh ga ada ya,1.0
164,menurut aku si livy soal membahas tentang Wili sampai ci Vilmei nangis,Netral,menurut aku si livy soal membahas tentang wili sampai ci vilmei nangis,1.0
165,"ini maksudnya apa ya,saya kurang paham Dengan kasus mereka?,yang tau boleh jelasin?",Netral,ini maksudnya apa yasaya kurang paham dengan kasus merekayang tau boleh jelasin,1.0
166,guys gw ggk ngerti masalahny dr awal ada yg mau bantu spill awalny knpğŸ˜©,Netral,guys gw ggk ngerti masalahny dr awal ada yg mau bantu spill awalny knp,1.0
167,Kita gak tau isi hati orangğŸ‘,Netral,kita gak tau isi hati orang,1.0
168,whatt ngga tau???,Netral,whatt ngga tau,1.0
169,knp hrus panggil mami?,Netral,knp hrus panggil mami,1.0
170, kenapa Wili ngasih tau foto rambut nya njr?,Netral, kenapa wili ngasih tau foto rambut nya njr,1.0
171,"Maaf karena meragukanmu, Sir Alex Pastoor!!",Positive,maaf karena meragukanmu sir alex pastoor,2.0
172,Terima kasih sir alex pastoor ğŸ‘ğŸ™Œ,Positive,terima kasih sir alex pastoor ,2.0
173,"Kami percaya Coach Patrick dan Tim, Perubahan lebih baikğŸ™Œ",Positive,kami percaya coach patrick dan tim perubahan lebih baik,2.0
174,Gua dukung oelatih baru apapun terjadi demi indonesia kuâ¤ï¸â¤ï¸â¤ï¸,Positive,gua dukung oelatih baru apapun terjadi demi indonesia ku,2.0
175,"KAMU KERENNNN BANGET KAKK, PROUD OF YOU!! ğŸ¥º",Positive,kamu kerennnn banget kakk proud of you ,2.0
176,semoga lekas membaik saudarakuğŸ«‚ğŸ«‚ğŸ«‚,Positive,semoga lekas membaik saudaraku,2.0
177,"kak it's okay banget kokğŸ¥¹, seperti yang kamu bilang itu 'anugrah', hebat banget kamuu bisa nerima ini dengan legowoğŸ«µğŸ’ªğŸ¤Ÿ",Positive,kak its okay banget kok seperti yang kamu bilang itu anugrah hebat banget kamuu bisa nerima ini dengan legowo,2.0
178,"KAAKK, SEMANGAAT TERUUUS! <3333",Positive,kaakk semangaat teruuus ,2.0
179,"YA ALLAH DAM SAKING PINTERNYA LU NGEHIBUR ORANG SAMPE GUA PIKIR LU NGE PRANK, SEND VIRTUAL HUG FOR UğŸ«‚ğŸ’—ğŸ’—",Positive,ya allah dam saking pinternya lu ngehibur orang sampe gua pikir lu nge prank send virtual hug for u,2.0
180,ka keren banget bisa ngendaliinnya,Positive,ka keren banget bisa ngendaliinnya,2.0
181,"kak semangat terus, kamu tetep kerenn, malah lebih kerenn dengan cara berpikir kamuğŸ¤â˜º",Positive,kak semangat terus kamu tetep kerenn malah lebih kerenn dengan cara berpikir kamu,2.0
182,"kakk kamu kerenn, makasi dah mau bicara dan terbuka.. kamu hebattğŸ¤©",Positive,kakk kamu kerenn makasi dah mau bicara dan terbuka kamu hebatt,2.0
183,"Keren bgt bisa nahan ituu, padahal pasti susah bgt... â˜¹ï¸. Semangat trs kk SadammğŸ¥°ğŸ«¶ğŸ»",Positive,keren bgt bisa nahan ituu padahal pasti susah bgt  semangat trs kk sadamm,2.0
184,"Keren sekali bisa mendristraksi sampai bisa ga keliatan, keren juga dlm hal penerimaan & justru dijadikan hal utk bersyukur. Terima kasih ya Kak Sadam sudah terbuka, sampai di titik ini hebat sekalii",Positive,keren sekali bisa mendristraksi sampai bisa ga keliatan keren juga dlm hal penerimaan  justru dijadikan hal utk bersyukur terima kasih ya kak sadam sudah terbuka sampai di titik ini hebat sekalii,2.0
185,"cherfull ka sadammmm, benerÂ² keren bgtt bisa ngedistraksi fokusnya waktu kegiatan di luar, Allah sayang bgt sm kakağŸ’“",Positive,cherfull ka sadammmm bener keren bgtt bisa ngedistraksi fokusnya waktu kegiatan di luar allah sayang bgt sm kaka,2.0
186,ğŸ¥¹ğŸ™cepet sembuh dan kamu hebat. Km tetap berjuang dan terus upgrade ke your best version. Bukan malah mengeluh. Km keren. Km hebat. Respect ğŸ™. Gue bangga,Positive,cepet sembuh dan kamu hebat km tetap berjuang dan terus upgrade ke your best version bukan malah mengeluh km keren km hebat respect  gue bangga,2.0
187,"ini bukan penghalang buat aku meraih mimpi"" ğŸ’¯ğŸ’¯ğŸ’¯ sebelumnya aku kagum aja sekarang jadi KAGUM BANGET. thank you for sharing us the story, kak! you're truly an inspiring person ğŸ’–",Positive,ini bukan penghalang buat aku meraih mimpi  sebelumnya aku kagum aja sekarang jadi kagum banget thank you for sharing us the story kak youre truly an inspiring person ,2.0
188,Klo ada yg tanya â€œini beneran kah?â€ Ini beneran guys disorder tipe itu emang ada contoh klo di public figure lainny itu kek billie eilish dan g mgkin kak sadam bikin joke ttg disorder,Positive,klo ada yg tanya ini beneran kah ini beneran guys disorder tipe itu emang ada contoh klo di public figure lainny itu kek billie eilish dan g mgkin kak sadam bikin joke ttg disorder,2.0
189,KEREN BANGET BANG? ğŸ˜­gua ga tau sebuah apa karena ga pernah ngerasain tapi gua yakin pasti susah banget biar klihatan kan,Positive,keren banget bang gua ga tau sebuah apa karena ga pernah ngerasain tapi gua yakin pasti susah banget biar klihatan kan,2.0
190,"gatauuu, sebelumnya udah kagum. makin kagum aja pas tau hal inii.. so proud of u kak",Positive,gatauuu sebelumnya udah kagum makin kagum aja pas tau hal inii so proud of u kak,2.0
191,"nope! itu bukan kekurangan sama sekali damm. dan setuju, itu salah satu tanda bahwa kamu berhasil menaklukkan limitasi yg km punya dengan baikk",Positive,nope itu bukan kekurangan sama sekali damm dan setuju itu salah satu tanda bahwa kamu berhasil menaklukkan limitasi yg km punya dengan baikk,2.0
192,"tempat kerja gw ternyata hidden gem, di tempat kerja kayak keluarga, kesejahteraan karyawan terjamin, bonus akhir tahunnya ga ngotak ğŸ˜­",Positive,tempat kerja gw ternyata hidden gem di tempat kerja kayak keluarga kesejahteraan karyawan terjamin bonus akhir tahunnya ga ngotak ,2.0
193,"suami ku kerja di sampoerna, gak se menyeramkan itu ğŸ˜‚ justru perusahaan besar sangat memanusiakan manusia ğŸ™ğŸ»",Positive,suami ku kerja di sampoerna gak se menyeramkan itu  justru perusahaan besar sangat memanusiakan manusia ,2.0
194,"Sampoerna adalah kesempurnaan. pernah 4th disitu. ya, emang sesejahtera itu sampai level paling bawah",Positive,sampoerna adalah kesempurnaan pernah th disitu ya emang sesejahtera itu sampai level paling bawah,2.0
195,"adaa, paragon adalah perusahaan impian gue dan bakal gue coba teruss sampai tembus",Positive,adaa paragon adalah perusahaan impian gue dan bakal gue coba teruss sampai tembus,2.0
196,Alhamdulillah rezeki suamiku ada di salah satunya,Positive,alhamdulillah rezeki suamiku ada di salah satunya,2.0
197,Ini baru cinta sejatiâ¤ï¸,Positive,ini baru cinta sejati,2.0
198,"""Kalian Berdua Sangat Istimewa Koh",Positive,kalian berdua sangat istimewa koh,2.0
199,"Kayaknya lebih fleksibel lebih baik ya. Cowok bisa ngurus kerjaan rumah kalau istrinya pas nggak bisa, dan cewek bisa cari duit pas cowoknya nggak bisa.",Positive,kayaknya lebih fleksibel lebih baik ya cowok bisa ngurus kerjaan rumah kalau istrinya pas nggak bisa dan cewek bisa cari duit pas cowoknya nggak bisa,2.0
200,Nah ini nihğŸ”¥ğŸ”¥saling mendukung,Positive,nah ini nihsaling mendukung,2.0
201,Panutan bangetttğŸ‘,Positive,panutan bangettt,2.0
202,Keren mas Tim ğŸ™Œ,Positive,keren mas tim ,2.0
203,Ketua kami sudah kembali ğŸ”¥ğŸ”¥ğŸ”¥,Positive,ketua kami sudah kembali ,2.0
204,MENYALA ABANGKUHğŸ˜ğŸ‘,Positive,menyala abangkuh,2.0
205,"Visi yang gila + action yang gila = hasil yg luar biasa.ğŸ”¥ lanjutkan ncek, masih banyak orang2 arogan yg belum sadar untuk disadarkan. ğŸ”¥ğŸ‘ğŸ™Œ",Positive,visi yang gila  action yang gila  hasil yg luar biasa lanjutkan ncek masih banyak orang arogan yg belum sadar untuk disadarkan ,2.0
206,Hasil yang sangat setimpal bagi orang-orang yang kerja super kerasğŸ‘,Positive,hasil yang sangat setimpal bagi orangorang yang kerja super keras,2.0
207,"mereka itu double job, nerima orderan drive thru sekaligus kasir. jadi mohon bersabar.",Positive,mereka itu double job nerima orderan drive thru sekaligus kasir jadi mohon bersabar,2.0
208,"Cetar sekali seperti cuaca hari ini ğŸ”¥ğŸ˜‚
",Positive,"cetar sekali seperti cuaca hari ini 
",2.0
209,"Menyala ğŸ”¥
",Positive,"menyala 
",2.0
210,"Aura emasnya kuat bngtğŸ˜­ğŸ¤£ğŸ™ğŸ¿
",Positive,"aura emasnya kuat bngt
",2.0
211,"Aura kaya nya kuat banget ğŸ˜¢ğŸ˜‚
",Positive,"aura kaya nya kuat banget 
",2.0
212,"Kalah glamour Bu Titik Soeharto. Cuma perhiasannya aja yg emas, lah emak2 ini sak baju2nya dan hijabnya emas semua, menyala si emak ğŸ”¥ğŸ”¥ğŸ˜‚ğŸ˜‚",Positive,kalah glamour bu titik soeharto cuma perhiasannya aja yg emas lah emak ini sak bajunya dan hijabnya emas semua menyala si emak ,2.0
213,Suka heran gw sma yg traktir orang tp nyiksa kek gini. Tujuan nya apaan duh lagian mie gacoan kan harga nya gak sbrapa ngapain jg nyiksa diri sndiri. Klo mau traktir ya yg wajar2 aja klo udh diare atau smpe knp2 emang tmn nya mo tnggung jwab itu? ğŸ˜”ğŸ˜”ğŸ˜”,Positive,suka heran gw sma yg traktir orang tp nyiksa kek gini tujuan nya apaan duh lagian mie gacoan kan harga nya gak sbrapa ngapain jg nyiksa diri sndiri klo mau traktir ya yg wajar aja klo udh diare atau smpe knp emang tmn nya mo tnggung jwab itu ,2.0
214,"tim yg ngga level levelan, biar bisa dinikmati",Positive,tim yg ngga level levelan biar bisa dinikmati,2.0
215,Gaboleh sok pamer level 9 harusnya level 2-3 lebih baik aja jaga kesehatan lambung,Positive,gaboleh sok pamer level  harusnya level  lebih baik aja jaga kesehatan lambung,2.0
216,banyak yg bilang pelit. tapi menurutku itu tindakan yg bagus. jadinya nggak mubazir. btw aku juga gitu,Positive,banyak yg bilang pelit tapi menurutku itu tindakan yg bagus jadinya nggak mubazir btw aku juga gitu,2.0
217,banyak yg bilang pelit. tapi menurutku itu tindakan yg bagus. jadinya nggak mubazir. btw aku juga gitu,Positive,banyak yg bilang pelit tapi menurutku itu tindakan yg bagus jadinya nggak mubazir btw aku juga gitu,2.0
218,"bagiku bukan pelit sih,lebih ke menghargai makanan emang,,aku like yg begini beginiğŸ¤—â˜ºï¸â˜ºï¸",Positive,bagiku bukan pelit sihlebih ke menghargai makanan emangaku like yg begini begini,2.0
219,Jadikan inspirasi aja gais sbnrnya mah,Positive,jadikan inspirasi aja gais sbnrnya mah,2.0
220,seru banget baca komenğŸ˜‚ğŸ˜‚,Positive,seru banget baca komen,2.0
221,"KALO SAMA YG INI ADEM TILL , GAADA HURU HARAğŸ¥°ğŸ˜",Positive,kalo sama yg ini adem till  gaada huru hara,2.0
222,DIEM DIEM MENGHANYUTKAN ANJIRRRRRRRğŸ˜–ğŸ˜–ğŸ˜–ğŸ˜ğŸ˜ğŸ˜ğŸ¥°ğŸ¥°ğŸ¥°,Positive,diem diem menghanyutkan anjirrrrrrr,2.0
223,"Mellow deh ka liat papa viral kalo lg mengenang almarhumah istrinya, sehat terus ya ka tiara dan keluargaa",Positive,mellow deh ka liat papa viral kalo lg mengenang almarhumah istrinya sehat terus ya ka tiara dan keluargaa,2.0
224,"lebih worth it hair topper karena lebih murah, kalau transplant lebih mahalğŸ˜‚ğŸ˜‚ğŸ˜‚",Positive,lebih worth it hair topper karena lebih murah kalau transplant lebih mahal,2.0
225,ebih suka effort gini drpd yg suka bilang 'akumah gini apa adanya' kaga rapih penmpilannya duhğŸ˜­ğŸ˜­ğŸ˜­,Positive,ebih suka effort gini drpd yg suka bilang akumah gini apa adanya kaga rapih penmpilannya duh,2.0
226,bagus ini gak kliatan palsu...kliatan asli bgt. mahal bgt pasti. punya ruben onsu mah kliatan bgt hair toupe nya,Positive,bagus ini gak kliatan palsukliatan asli bgt mahal bgt pasti punya ruben onsu mah kliatan bgt hair toupe nya,2.0
227,spill harga sama belinya dmna kak pleaseğŸ˜­ğŸ™,Positive,spill harga sama belinya dmna kak please,2.0
228,"salut sm usaha kakaknya, alhamdulillah kaya rambut sendiri ğŸ‘ğŸ»",Positive,salut sm usaha kakaknya alhamdulillah kaya rambut sendiri ,2.0
229,bapakku litereli dimanapun kapanpun pake topiii. ini bnrn keren deh,Positive,bapakku litereli dimanapun kapanpun pake topiii ini bnrn keren deh,2.0
230,Tapi beneran sih hair topper looks good on him,Positive,tapi beneran sih hair topper looks good on him,2.0
231,ku doain semoga bisa hair stransplant ya kak,Positive,ku doain semoga bisa hair stransplant ya kak,2.0
232,kak up terus ya kembarannya. saya juga mengalami kebotakan kok. semangat salam buat kembarannya kak,Positive,kak up terus ya kembarannya saya juga mengalami kebotakan kok semangat salam buat kembarannya kak,2.0
233,idgitaf lu keren banget sumpah dari cover di tiktok sampe konser brg 3 pilar kehidupan!!!! ğŸ’—,Positive,idgitaf lu keren banget sumpah dari cover di tiktok sampe konser brg  pilar kehidupan ,2.0
234,"gawat, pilar pilar Spotify bersatu",Positive,gawat pilar pilar spotify bersatu,2.0
235,akur banget playlistku,Positive,akur banget playlistku,2.0
236,Tulus bersinar bgt abis wudhu bang? ğŸ¥º,Positive,tulus bersinar bgt abis wudhu bang ,2.0
237,Orang orang di playlist gw bersatu gini helpppp info tiketğŸ˜­ğŸ˜­ğŸ˜­,Positive,orang orang di playlist gw bersatu gini helpppp info tiket,2.0
238,wah musisi2 lagu green flag disatuin ğŸ˜­ vibenya adem bgt,Positive,wah musisi lagu green flag disatuin  vibenya adem bgt,2.0
239,dere lucu bgtttt,Positive,dere lucu bgtttt,2.0
240,genre yg tiap lagunya ngomongin realita kehidupan ğŸ¥ºğŸ«¶ğŸ¤,Positive,genre yg tiap lagunya ngomongin realita kehidupan ,2.0
241,Orang pinter mana yg nyatuin mrekağŸ˜­ğŸ”¥,Positive,orang pinter mana yg nyatuin mreka,2.0
242,GONG BGT INI KESUKAAN AKU SEMUAAAAAAA DI SATUIN?!!!! YA ALLAHHHH MAU NONTONNNNN,Positive,gong bgt ini kesukaan aku semuaaaaaaa di satuin ya allahhhh mau nontonnnnn,2.0
243,respect banget cara makannya udah berubahğŸ«¶ğŸ»,Positive,respect banget cara makannya udah berubah,2.0
244,guys?kasian loh kknya ğŸ˜”ğŸ˜”,Positive,guyskasian loh kknya ,2.0
245,pertama semangat ya kak jangan dengerin kata orang ğŸ¤—,Positive,pertama semangat ya kak jangan dengerin kata orang ,2.0
246,"seru bgt liat komen netizen ğŸ˜­, semangat kaaâ¤ï¸",Positive,seru bgt liat komen netizen  semangat kaa,2.0
247,"Life is goes on kak, tetep semangat, jangan terlalu memikirkan perkataan orang lain kak hidup cuma sekali, intinya enjoy your life kak!",Positive,life is goes on kak tetep semangat jangan terlalu memikirkan perkataan orang lain kak hidup cuma sekali intinya enjoy your life kak,2.0
248,ka coba ganti cat rambut yg warna red wine pasti kakaknya cantik bgt,Positive,ka coba ganti cat rambut yg warna red wine pasti kakaknya cantik bgt,2.0
249,dah bagus sekali ini banyak perubahan banget suka dej,Positive,dah bagus sekali ini banyak perubahan banget suka dej,2.0
250,"vior ga kosong, cuman lemot aja ga sih",Positive,vior ga kosong cuman lemot aja ga sih,2.0
251,Lagien alumni sekolah penabur..pasti ada lah sisi pinternya..,Positive,lagien alumni sekolah penaburpasti ada lah sisi pinternya,2.0
252,ternyata yg kosong itu bukan vior. tapi gw ğŸ˜‚,Positive,ternyata yg kosong itu bukan vior tapi gw ,2.0
253,kemampuan vior yg bsa di sombongin yah itu pinter matematika dia itu Pinter bukan kosong cuma tata bahasanya aja yg agak ngelag dikit,Positive,kemampuan vior yg bsa di sombongin yah itu pinter matematika dia itu pinter bukan kosong cuma tata bahasanya aja yg agak ngelag dikit,2.0
254,udah minta maaf gk usah di hujat,Positive,udah minta maaf gk usah di hujat,2.0
255,"itu lah resikonya sosmed, sekarang dekatin diri k Tuhan lepasin semua doa sesuai keyakinan mu brsihkan dri pokoknya mikir posif aja",Positive,itu lah resikonya sosmed sekarang dekatin diri k tuhan lepasin semua doa sesuai keyakinan mu brsihkan dri pokoknya mikir posif aja,2.0
256,VANESYA LEBIH PANTAS DI H2H,Negative,vanesya lebih pantas di hh,0.0
257,"Carmen ke editor SM
""pake efek yang ini ege""",Netral,"carmen ke editor sm
pake efek yang ini ege",1.0
258,Carmen imuttt,Positive,carmen imuttt,2.0
259,"grup : HEARTS2HEARTS
hobi : ngikutin kata HEARTS",Netral,"grup  heartshearts
hobi  ngikutin kata hearts",1.0
260,PASTI IDENYA CARMENğŸ˜­ğŸ˜­,Netral,pasti idenya carmen,1.0
261,a-na plis jgn main sm carmen,Negative,ana plis jgn main sm carmen,0.0
262,carmen mau gua ajarin velocity gaağŸ˜­ğŸ˜­ capee bnger anjrttğŸ˜­ğŸ˜­ğŸ˜­,Netral,carmen mau gua ajarin velocity gaa capee bnger anjrtt,1.0
263,"CARMEN â™¥ï¸TAEIL
A-NA â™¥ï¸SEUNGRI
S2U â™¥ï¸KIM SOO HYUN",Negative,"carmen taeil
ana seungri
su kim soo hyun",0.0
264,"ANJ LO PADA, NGAPA PADA NGEHATE CARMEN SIHH?!, KLO GASUKA TUHH SKIP AJAH NAPAAA?!, GAUSAH TUHH, PAKE SEGALA KOMEN' GAJELASSS,IRI KAN LU PADA?! LIAT CARMEN UDAH SUKSES, AHAHAHAHAH",Positive,anj lo pada ngapa pada ngehate carmen sihh klo gasuka tuhh skip ajah napaaa gausah tuhh pake segala komen gajelasssiri kan lu pada liat carmen udah sukses ahahahahah,2.0
265,CARMEN ANJ,Negative,carmen anj,0.0
266,sbnrnya Carmen itu dri Malaysia atau dr indo?,Netral,sbnrnya carmen itu dri malaysia atau dr indo,1.0
267,CARI TUTOR NGEDITNYA DULU APAAğŸ˜­ğŸ˜­,Netral,cari tutor ngeditnya dulu apaa,1.0
268,"""Jhe Jhase = JJ"" ğŸ˜­ğŸ˜­ğŸ‘ğŸ»ğŸ‘ğŸ»",Netral,jhe jhase  jj ,1.0
269,Carmen lu itu idol tau gakğŸ˜­,Netral,carmen lu itu idol tau gak,1.0
270,akal akalannya carmet ni pasti ğŸ˜­ğŸ˜­,Netral,akal akalannya carmet ni pasti ,1.0
271,kak carmen pulang mo galungan,Netral,kak carmen pulang mo galungan,1.0
272,pls mendingan vanesya dripada carmen ğŸ˜­,Negative,pls mendingan vanesya dripada carmen ,0.0
273,VELOCITY VERSI APA INI MENN ğŸ˜­,Netral,velocity versi apa ini menn ,1.0
274,"jj= jedak jeduk â
jj= jhe jhase âœ…
ğŸ˜­ğŸ˜­ğŸ˜­ğŸ˜­",Netral,"jj jedak jeduk 
jj jhe jhase 
",1.0
275,YANG KANAN ISYA YANG KIRI MAGHRIB,Negative,yang kanan isya yang kiri maghrib,0.0
276,greget pgn ngeditinğŸ™ğŸ¼â˜ºï¸â˜ºï¸,Netral,greget pgn ngeditin,1.0
277,kecepatan 2Ã— asikk bat anjayyğŸ¤ŸğŸ¤Ÿ,Netral,kecepatan  asikk bat anjayy,1.0
278,carmett bilek: behhh pasti langsung fyp niiiğŸ—¿,Netral,carmett bilek behhh pasti langsung fyp niii,1.0
279,""" Jhe Jhase ""ğŸ˜­ğŸ˜­ğŸ˜­ğŸ˜­",Netral, jhe jhase ,1.0
280,ANI ANI,Negative,ani ani,0.0
281,kalah gercep sama haters woyy,Netral,kalah gercep sama haters woyy,1.0
282,tebak siapa yg ngajakin ğŸ˜­ğŸ˜­,Netral,tebak siapa yg ngajakin ,1.0
283,NJZ BETTER THAN H2H,Negative,njz better than hh,0.0
284,yg setuju carmen magrib ğŸ¥°ğŸ‘‡ğŸ»,Negative,yg setuju carmen magrib ,0.0
285,idenya carmen ini mahğŸ˜­,Netral,idenya carmen ini mah,1.0
286,ketua velocity h2h : carmen,Netral,ketua velocity hh  carmen,1.0
287,ANJRR DIPAKE SOUND NYA COğŸ˜­,Netral,anjrr dipake sound nya co,1.0
288,Cara bedain gua sama carmen gimana sih?,Netral,cara bedain gua sama carmen gimana sih,1.0
289,CARMEN BETTER THAN ALL,Negative,carmen better than all,0.0
290,the chase velocity ğŸ˜­ğŸ˜­ğŸ˜­ğŸ˜­ğŸ˜­,Netral,the chase velocity ,1.0
291,p,Netral,p,1.0
292,UDAH TAU KAN SIAPE YG NGAJARINğŸ˜­ğŸ‘,Netral,udah tau kan siape yg ngajarin,1.0
293,tebak ketuağŸ¥°,Netral,tebak ketua,1.0
294,tebak yang ngajakğŸ˜­,Netral,tebak yang ngajak,1.0
295,Carmen lucukk kaya bayiğŸ¤­ğŸ˜»,,carmen lucukk kaya bayi,
296,curiga yg pilih lagunya carmen,,curiga yg pilih lagunya carmen,
297,PASTI CARMET YG AJAKIN JIRğŸ˜­,Netral,pasti carmet yg ajakin jir,1.0
298,kyk nya kerjaan nya Carmen ğŸ˜­,Netral,kyk nya kerjaan nya carmen ,1.0
299,2 LC,Negative, lc,0.0
300,carmen cuma nyamar jadi idol doangğŸ˜­,Netral,carmen cuma nyamar jadi idol doang,1.0
301,PASTI YANG BIKIN IDE CARMEN,Netral,pasti yang bikin ide carmen,1.0
302,Carmen cantik bngt,Positive,carmen cantik bngt,2.0
303,TAPI DIA DENGAN GINI KAYA NGEBALES KITA YG NGEDUKUNG DIA GASI JD KAYA DIBACA DIINGET DISAYANG LAH AMA UNNIE CARMEN ğŸ˜™âœŒğŸ»,Positive,tapi dia dengan gini kaya ngebales kita yg ngedukung dia gasi jd kaya dibaca diinget disayang lah ama unnie carmen ,2.0
304,astaga ğŸ˜‚kaget banget dijadiin velocity an ğŸ˜‚ pasti idenya Carmen ini mah ğŸ˜‚,Netral,astaga kaget banget dijadiin velocity an  pasti idenya carmen ini mah ,1.0
305,CARMEN PLS CAN YOU DO JEDAG JEDUG WITH JIWOO,Netral,carmen pls can you do jedag jedug with jiwoo,1.0
306,pantesan manis org namanya juga carmen mirip kayak permen ğŸ¤­ğŸ¤­ğŸ¤­ğŸ¤­ğŸ¤­ğŸ¤­,Positive,pantesan manis org namanya juga carmen mirip kayak permen ,2.0
307,keliatan banget kalau carmen aktif terus ditiktok,Netral,keliatan banget kalau carmen aktif terus ditiktok,1.0
308,harga Carmen per Ikat,Netral,harga carmen per ikat,1.0
309,"""jhe jhase"" + jj velocity the chase = carmen ğŸ˜­ğŸ˜­",Netral,jhe jhase  jj velocity the chase  carmen ,1.0
310,KETEBAK CARMEN YG NGAJAKğŸ˜­ğŸ¤ŒğŸ»,Netral,ketebak carmen yg ngajak,1.0
311,ketua Velocity dan pembuat caption jatuh KPD carmen,Netral,ketua velocity dan pembuat caption jatuh kpd carmen,1.0
312,carmen: kayanya pake efek yang ini seru dehh,Netral,carmen kayanya pake efek yang ini seru dehh,1.0
313,UDAH KETEBAK SIAPA YANG NGAJAK DI LUAN ğŸ˜­ğŸ˜­ PASTI CARMEN ğŸ˜­ğŸ˜­ğŸ«µğŸ»,Netral,udah ketebak siapa yang ngajak di luan  pasti carmen ,1.0
314,carmen malu ihğŸ˜­,Netral,carmen malu ih,1.0
315,HEARTS2HEARTS = HAMA,Negative,heartshearts  hama,0.0
316,idenya carmen pastiğŸ˜­,Netral,idenya carmen pasti,1.0
317,pertahankan carmenğŸ’ª,Netral,pertahankan carmen,1.0
318,idol ter-velocity : carmenğŸ˜”,Netral,idol tervelocity  carmen,1.0
319,pasti yg ngedit carmenğŸ˜­,Netral,pasti yg ngedit carmen,1.0
320,dan yap lagi lagi bareng carmen ğŸ˜­ğŸ˜­ğŸ¤ŒğŸ»,Netral,dan yap lagi lagi bareng carmen ,1.0
321,CARMEN LO BENER BENER YAğŸ˜­ğŸ«µ,Netral,carmen lo bener bener ya,1.0
322,"Hearts2Hearts, kelakuan suka' heartğŸ˜©ğŸ™",Netral,heartshearts kelakuan suka heart,1.0
323,sudah ku duga kalo ada Carmen pasti kaya giniğŸ—¿ğŸ¤—,Netral,sudah ku duga kalo ada carmen pasti kaya gini,1.0
324,"CARMEN:""MARI KITA VELOCITYKAN SEMUA LAGU""ğŸ˜­ğŸ˜­ğŸ˜­",Netral,carmenmari kita velocitykan semua lagu,1.0
325,"dmn ada velocity, disana psti ada carmen ğŸ˜­",Netral,dmn ada velocity disana psti ada carmen ,1.0
326,terserah men carmen ğŸ˜­,Netral,terserah men carmen ,1.0
327,yg ajarin Carmen pstiğŸ˜­,Netral,yg ajarin carmen psti,1.0
328,Sebelah carmen mirip greesel jkt48,Netral,sebelah carmen mirip greesel jkt,1.0
329,CARMEN = HAMA,Negative,carmen  hama,0.0
330,carmen magrib bgt dah ğŸ˜­,Negative,carmen magrib bgt dah ,0.0
331,OASEEKK! APAPUN SOUNDNYA JEDAG JEDUG SOLUSINYAğŸ™‡ğŸ¼â€â™€ï¸.,Netral,oaseekk apapun soundnya jedag jedug solusinya,1.0
332,"keren banget ih hatters nya lebih gercep, jadi iri deh ğŸ˜”",Negative,keren banget ih hatters nya lebih gercep jadi iri deh ,0.0
333,INI BENERAN OFFICIAL AKUN H2H KANğŸ˜­ğŸ˜­,Netral,ini beneran official akun hh kan,1.0
334,njz never die,Negative,njz never die,0.0
335,mana velocity nya men??ğŸ˜­ğŸ˜­,Netral,mana velocity nya men,1.0
336,WOI AHHAHAH,Netral,woi ahhahah,1.0
337,gua tebak yang ngajak pasti si carmet ngaku ga lo met!!,Netral,gua tebak yang ngajak pasti si carmet ngaku ga lo met,1.0
338,h2h pasti musuhnya g2g,Negative,hh pasti musuhnya gg,0.0
339,plis ajarin mereka edit velocity yg bagus,Netral,plis ajarin mereka edit velocity yg bagus,1.0
340,"remed men, velocitynya ga giniğŸ¥°",Netral,remed men velocitynya ga gini,1.0
341,TEBAK IDE SIAPA...,Netral,tebak ide siapa,1.0
342,carmen magrib kebanting bgt visualnya sama kim vvup,Negative,carmen magrib kebanting bgt visualnya sama kim vvup,0.0
343,NJZ BEST GROUP,Negative,njz best group,0.0
344,udah ketebak siapa yang ngusulinğŸ¥°ğŸ¥°,Netral,udah ketebak siapa yang ngusulin,1.0
345,elu Idol apaan anjir men ğŸ˜­,Netral,elu idol apaan anjir men ,1.0
346,tebak ketuağŸ¤™ğŸ¤£,Netral,tebak ketua,1.0
347,ULANG ANJIR VELOCITYNYA MASIH REMED,Netral,ulang anjir velocitynya masih remed,1.0
348,lahh perasaan tdi coment nya baru 7ğŸ˜­,Netral,lahh perasaan tdi coment nya baru ,1.0
349,bagusan ini apa glad2glow?,Netral,bagusan ini apa gladglow,1.0
350,kacaw patah patah nya udh cakep,Netral,kacaw patah patah nya udh cakep,1.0
351,TEBAK YANG NGAJAKğŸ˜­ğŸ˜­,Netral,tebak yang ngajak,1.0
352,carmen hobinya scroll tiktok pastiğŸ˜”,Netral,carmen hobinya scroll tiktok pasti,1.0
353,who's your bias in H2H?,Netral,whos your bias in hh,1.0
354,percayalah tim kreatif sosmed nya Carmen ğŸ¤£ğŸ¤£ğŸ¤£,Netral,percayalah tim kreatif sosmed nya carmen ,1.0
355,"ulang, remed.",Netral,ulang remed,1.0
356,SIAPA SIH YANG NGEDIT ğŸ˜­,Netral,siapa sih yang ngedit ,1.0
357,"ini udah better,tapi bukan gitu,coba men edit terus peke sulap nah itu lebih bagus,terus men saran aja ni yah gerakan nya gini ğŸ¤ŸğŸ«°",Netral,ini udah bettertapi bukan gitucoba men edit terus peke sulap nah itu lebih bagusterus men saran aja ni yah gerakan nya gini ,1.0
358,"masih sepi nih
sini absen dulu sebelum pergi",Netral,"masih sepi nih
sini absen dulu sebelum pergi",1.0
359,"Kaget banget, g kepikiran bakal bikin beginianğŸ˜­",Netral,kaget banget g kepikiran bakal bikin beginian,1.0
360,tebak siapa yang ngajak,Netral,tebak siapa yang ngajak,1.0
361,tebak siapa yang ngajakğŸ˜­ğŸ˜­,Netral,tebak siapa yang ngajak,1.0
362,tebak yg ngajak,Netral,tebak yg ngajak,1.0
363,serius ini Idol JJ? teruskan carmetğŸ˜­ğŸ˜­,Netral,serius ini idol jj teruskan carmet,1.0
364,smangat trs h2h,Positive,smangat trs hh,2.0
365,tebak siapa yang ngajak ğŸ˜­,Netral,tebak siapa yang ngajak ,1.0
366,"Carmen ihhhh,Aku malah udah punya gerakan buat Velocity lagi The Chase",Netral,carmen ihhhhaku malah udah punya gerakan buat velocity lagi the chase,1.0
367,tebak yang ngajak ğŸ¥°,Netral,tebak yang ngajak ,1.0
368,MEN REMED LAGI,Netral,men remed lagi,1.0
369,Kelakuan carmet ini mh ğŸ˜­,Netral,kelakuan carmet ini mh ,1.0
370,"ya ampun carmet sama A-na bener"" yah lu berdua ğŸ˜­",Netral,ya ampun carmet sama ana bener yah lu berdua ,1.0
371,busett ga espek di bikin djğŸ˜­ğŸ˜­,Netral,busett ga espek di bikin dj,1.0
372,udah mettğŸ˜”,Netral,udah mett,1.0
373,"remedd, ngga ada Velocity nyaa",Netral,remedd ngga ada velocity nyaa,1.0
374,RALAT RALAT MASI REMED VELOCITYNYA OIğŸ˜­,Netral,ralat ralat masi remed velocitynya oi,1.0
375,PASTII IDEE SII CARMETT,Netral,pastii idee sii carmett,1.0
376,SINI GUA EDITINN ğŸ˜­ğŸ˜­,Netral,sini gua editinn ,1.0
377,AJAKIN AJA SEMUA MEMBER METğŸ˜­ğŸ˜­,Netral,ajakin aja semua member met,1.0
378,angjayyy the chase velocity ğŸ˜­ğŸ¤ŸğŸ»ğŸ«°ğŸ»,Netral,angjayyy the chase velocity ,1.0
379,ğŸ˜­ğŸ˜­apaan ini met ğŸ˜‚,Netral,apaan ini met ,1.0
380,tebak siapa yang ngajak??,Netral,tebak siapa yang ngajak,1.0
381,Carmen : dek Velocity kuy,Netral,carmen  dek velocity kuy,1.0
382,Carmen Lo bener bener yağŸ˜­ğŸ˜­,Netral,carmen lo bener bener ya,1.0
383,"met mending kasih mentahan aja, nnti kita sendiri yg editğŸ˜­ğŸ˜­",Netral,met mending kasih mentahan aja nnti kita sendiri yg edit,1.0
384,SUMPAH IDE NYA ADA AJAAğŸ˜­ğŸ˜­,Netral,sumpah ide nya ada ajaa,1.0
385,udah meenğŸ˜­ğŸ™,Netral,udah meen,1.0
386,ğŸ¤ŸğŸ»ğŸ¤ŸğŸ»ğŸ«°ğŸ»ğŸ«°ğŸ» ini nya mana menğŸ¥°,Netral, ini nya mana men,1.0
387,MET UDAH MET LAILAHAILALLAHğŸ˜­ğŸ˜­ğŸ˜­ğŸ˜­,Netral,met udah met lailahailallah,1.0
388,NAH INI BARU BJIRR,Netral,nah ini baru bjirr,1.0
389,men ini akun grup idol korea bukan grup idol blok mğŸ˜­,Netral,men ini akun grup idol korea bukan grup idol blok m,1.0
390,CURIGA IDE NYA CARMENğŸ˜­ğŸ˜­,Netral,curiga ide nya carmen,1.0
391,h2h kebawa arus carmenğŸ˜­,Netral,hh kebawa arus carmen,1.0
392,KAPAN LAGI COBA PUNYA IDOL K-POP KAYAK GINI ğŸ˜­ğŸ”¥ğŸ”¥,Netral,kapan lagi coba punya idol kpop kayak gini ,1.0
393,kerjaan lu kan menğŸ˜­ğŸ«µ,Netral,kerjaan lu kan men,1.0
394,"kak request pake lagu tak tau malu, ketuanya harus ian..bebas sama member manaa aja dehğŸ˜‡ğŸ˜‡ğŸ«°ğŸ¼ğŸ«°ğŸ¼",Netral,kak request pake lagu tak tau malu ketuanya harus ianbebas sama member manaa aja deh,1.0
395,REMED GA ğŸ«µğŸ»ğŸ«µğŸ»,Netral,remed ga ,1.0
396,mett mettt ğŸ˜­ğŸ˜­,Netral,mett mettt ,1.0
397,Carmen : anjay racun ini terusss ğŸ˜œğŸ¤­,Netral,carmen  anjay racun ini terusss ,1.0
398,GELISAH BNGT LIAT PATAH PATAH NYAğŸ˜­ğŸ˜­ğŸ˜­,Netral,gelisah bngt liat patah patah nya,1.0
399,plis agensi SM kasi Carmen poni ğŸ˜­âœŒï¸,Netral,plis agensi sm kasi carmen poni ,1.0
400,anjj dibuatinnn dongggğŸ˜­,Netral,anjj dibuatinnn donggg,1.0
401,WIDIHHH CARMETT ğŸ¤ŸğŸ¤Ÿ,Netral,widihhh carmett ,1.0
402,semangat carmen cantik ğŸ˜­ğŸ˜­ğŸ˜­,Positive,semangat carmen cantik ,2.0
403,DI VELOCITY IN ANJIRRğŸ˜­ğŸ˜­,Netral,di velocity in anjirr,1.0
404,udah ketebak ide siapağŸ˜­,Netral,udah ketebak ide siapa,1.0
405,masyallah cantiknya,Positive,masyallah cantiknya,2.0
406,"ih sekarang mah udah ada efek patahÂ² , ayo bikin velocity yang lain lagi men",Netral,ih sekarang mah udah ada efek patah  ayo bikin velocity yang lain lagi men,1.0
407,carmennnnnn ya Allah men ğŸ˜­ğŸ˜­ğŸ˜­ğŸ˜­ğŸ˜­,Netral,carmennnnnn ya allah men ,1.0
408,Carmen seimut itu kok bisa paling tua sihğŸ™‚ğŸ™‚ğŸ™‚,Positive,carmen seimut itu kok bisa paling tua sih,2.0
409,GAPAPA REMED YG PNTING UDH BENER EFEKNYAğŸ˜­ğŸ˜­,Netral,gapapa remed yg pnting udh bener efeknya,1.0
410,MASIH REMED INI WOII METTTğŸ˜­ğŸ˜­ğŸ˜­ğŸ˜­,Netral,masih remed ini woii mettt,1.0
411,udah ketebak siapa yang ngedit ğŸ—¿,Netral,udah ketebak siapa yang ngedit ,1.0
412,ada aja gebrakan nya org indo iniğŸ˜­,Netral,ada aja gebrakan nya org indo ini,1.0
413,remeddd gada velocity nya hehe,Netral,remeddd gada velocity nya hehe,1.0
414,GAWAT DIA UDAH TAUğŸ˜­ğŸ˜­ğŸ”¥ğŸ”¥,Netral,gawat dia udah tau,1.0
415,pasti yang ngajak carmen,Netral,pasti yang ngajak carmen,1.0
416,ini pasti idenya si carmetğŸ˜­,Netral,ini pasti idenya si carmet,1.0
417,"ANJAYY CARMEN, banyakin lagii men velocity nyağŸ¤Ÿ",Netral,anjayy carmen banyakin lagii men velocity nya,1.0
418,"njayy remed nya di kabulin, tapi ini masi remeddğŸ˜­ğŸ˜­",Netral,njayy remed nya di kabulin tapi ini masi remedd,1.0
419,Jj indo mendunia lewat carmetğŸ˜­,Netral,jj indo mendunia lewat carmet,1.0
420,"carmen sini gua editin velocity nya, udah 2 kali remedğŸ˜­ğŸ˜­",Netral,carmen sini gua editin velocity nya udah  kali remed,1.0
421,TEBAK YANG NGEDITğŸ˜­ğŸ˜­ğŸ˜­,Netral,tebak yang ngedit,1.0
422,"""karina memasukkan carmen kedalam group""",Netral,karina memasukkan carmen kedalam group,1.0
423,istighfar dulu nak,Netral,istighfar dulu nak,1.0
424,pasti yg ngajakin carmen ğŸ˜­ğŸ˜­,Netral,pasti yg ngajakin carmen ,1.0
425,ANJAYYYYYYY UDAH BISA NGEDIT YA MET ğŸ˜­ğŸ˜­,Netral,anjayyyyyyy udah bisa ngedit ya met ,1.0
426,carmen dikitÂ² velocity emang ya anak velocity bgt carmen mahğŸ˜­ğŸ˜­,Netral,carmen dikit velocity emang ya anak velocity bgt carmen mah,1.0
427,FIXX SIH INI CARMEN YANG AJAKKğŸ˜­ğŸ˜­,Netral,fixx sih ini carmen yang ajakk,1.0
428,carmenn anjayy udahh pinterr patah - patah njirr orng korea diajak slowmo ma diaa nihh ğŸ˜«,Netral,carmenn anjayy udahh pinterr patah  patah njirr orng korea diajak slowmo ma diaa nihh ,1.0
429,"PAKE DI SULAP MEN ""VELOCITY"" LEBIH MANTEP",Netral,pake di sulap men velocity lebih mantep,1.0
430,"MEN MASI REMED IHH, ULANG GAKK?!!!",Netral,men masi remed ihh ulang gakk,1.0
431,"ga remed soalnya udah bisa patah"" ğŸ¥°",Netral,ga remed soalnya udah bisa patah ,1.0
432,kok Haters pada gercep banget sihhğŸ¤­ğŸ˜­,Netral,kok haters pada gercep banget sihh,1.0
433,"ini beneran idol??, GA EXPECT PLZZğŸ˜­ğŸ˜­",Netral,ini beneran idol ga expect plzz,1.0
434,CARMEN A-NA SO PRETTYğŸ’“ğŸ’“ğŸ’ğŸ’,Positive,carmen ana so pretty,2.0
435,men kata gua mah post yg ORI aja biar di editin njirğŸ˜ğŸ˜,Netral,men kata gua mah post yg ori aja biar di editin njir,1.0
436,"dahlah ngga ngerti lagi,met metğŸ˜­dibocorin semua arsip negara kita ygyğŸ˜­",Netral,dahlah ngga ngerti lagimet metdibocorin semua arsip negara kita ygy,1.0
437,allahu carmet malah dilanjut part 2ğŸ¤¦â€â™€ï¸ğŸ¤£,Netral,allahu carmet malah dilanjut part ,1.0
438,the Chase velocity,Netral,the chase velocity,1.0
439,Carmen ihhğŸ˜­ğŸ˜­,Netral,carmen ihh,1.0
440,tiba tiba jadi dangdut lagunyaağŸ™ğŸ™,Netral,tiba tiba jadi dangdut lagunyaa,1.0
441,NGEDIT NYA ADA JEDAG JEDUG NYA YA MENN,Netral,ngedit nya ada jedag jedug nya ya menn,1.0
442,IDE CARMET NIH ğŸ˜­,Netral,ide carmet nih ,1.0
443,pasti yang ngetik capt nya carmen ğŸ˜­ğŸ˜­ğŸ˜­,Netral,pasti yang ngetik capt nya carmen ,1.0
444,"remed kak patah"" nya kurng",Netral,remed kak patah nya kurng,1.0
445,velocity versi the chase,Netral,velocity versi the chase,1.0
446,carmen dengan poni samping nya,Netral,carmen dengan poni samping nya,1.0
447,"INI PASTI CARMEN YG SURUH KEK GINI ğŸ˜­
ğŸ˜­ğŸ˜­ğŸ˜­ğŸ˜­ğŸ˜­ğŸ˜­ğŸ˜­",Netral,"ini pasti carmen yg suruh kek gini 
",1.0
448,carmen mengabulkan permintaan fansğŸ˜­,Positive,carmen mengabulkan permintaan fans,2.0
449,sumpil kaya bukan idol ni orang buset,Netral,sumpil kaya bukan idol ni orang buset,1.0
450,"IDOL APAAN INI CO, THE CHASE DI BUAT DANGDUT MALAH SENENGğŸ˜­",Netral,idol apaan ini co the chase di buat dangdut malah seneng,1.0
451,udah remed ya men ğŸ˜­,Netral,udah remed ya men ,1.0
452,curiga yang pegang akun h2h CarmenğŸ˜­,Netral,curiga yang pegang akun hh carmen,1.0
453,"ga gitu ih patah patahnya, sini aku editin ğŸ˜­",Netral,ga gitu ih patah patahnya sini aku editin ,1.0
454,"dah lah gua buat jasa edit, sini gua editinğŸ˜­ğŸ˜­",Netral,dah lah gua buat jasa edit sini gua editin,1.0
455,"emang kalau tiktok Korea efeknya ngk sama yah Ama tiktok indo,soalnya agak beda efeknyağŸ˜­ğŸ˜­",Netral,emang kalau tiktok korea efeknya ngk sama yah ama tiktok indosoalnya agak beda efeknya,1.0
456,alamak psti ide si carmet enih ğŸ˜‡ğŸ¤—ğŸ˜­,Netral,alamak psti ide si carmet enih ,1.0
457,"remed kak, masih kurang patah-patahğŸ™ğŸ»",Netral,remed kak masih kurang patahpatah,1.0
458,CARMEN COBAIN VERSI VELOCITYNYA,Netral,carmen cobain versi velocitynya,1.0
459,editor nya siapa si ğŸ˜­ bagus nya patah patah bukan ini,Netral,editor nya siapa si  bagus nya patah patah bukan ini,1.0
460,tebak yang ngajakğŸ¤­,Netral,tebak yang ngajak,1.0
461,siapapun tolong kasih tau tutorial patahÂ² nya di wvğŸ˜­ğŸ˜­ğŸ˜­ğŸ˜­,Netral,siapapun tolong kasih tau tutorial patah nya di wv,1.0
462,"remed, ga ada gerakan tangan yang bgini ""ğŸ¤ŸğŸ»ğŸ«°ğŸ»""",Netral,remed ga ada gerakan tangan yang bgini ,1.0
463,seneng kan lu met ngakuğŸ˜­ğŸ˜­,Netral,seneng kan lu met ngaku,1.0
464,terpantau carmen suka scroll tiktok,Netral,terpantau carmen suka scroll tiktok,1.0
465,udah sampe aja soundnyağŸ˜‚ğŸ¥°,Netral,udah sampe aja soundnya,1.0
466,intrusive thoughts nya jalan banget ini si carmen wkwkw,Netral,intrusive thoughts nya jalan banget ini si carmen wkwkw,1.0
467,baru berapa detik woy,Netral,baru berapa detik woy,1.0
468,"Hi carmen!!! Jangan dengerin apa kata haters yaa, uâ€™re enough ğŸ¥°. Just be yourself dan tentunya semangat buat next comeback!!",Positive,hi carmen jangan dengerin apa kata haters yaa ure enough  just be yourself dan tentunya semangat buat next comeback,2.0
469,carmen udah carmenğŸ˜­ğŸ˜­ğŸ˜­ untung lu cantik,Netral,carmen udah carmen untung lu cantik,1.0
470,gawat Carmen udah pinter velocity ğŸ˜­,Netral,gawat carmen udah pinter velocity ,1.0
471,"Velocity lagi men??, mana harus remed lagi",Netral,velocity lagi men mana harus remed lagi,1.0
472,carmen masi berusaha membuat velocity ğŸ˜­ğŸ˜­,Netral,carmen masi berusaha membuat velocity ,1.0
473,anjir kaget jj coo,Netral,anjir kaget jj coo,1.0
474,waduhhhh di ajakkk Carmen dehhhğŸ˜­ğŸ˜­ğŸ˜­,Netral,waduhhhh di ajakkk carmen dehhh,1.0
475,tebak siapa yg ngajak duluan?ğŸ—¿,Netral,tebak siapa yg ngajak duluan,1.0
476,CARI TUTOR NGEDITNYA GAA LOO METğŸ˜­ğŸ˜­ğŸ˜­,Netral,cari tutor ngeditnya gaa loo met,1.0
477,LAILAHAILALLAH PASTI IDE CARMETğŸ˜­,Netral,lailahailallah pasti ide carmet,1.0
478,men udh men ğŸ˜­ğŸ™,Netral,men udh men ,1.0
479,udah kaya akun fans aja bjirğŸ˜­,Netral,udah kaya akun fans aja bjir,1.0
480,woi met mending gua yang edit dahğŸ˜­ğŸ˜­,Netral,woi met mending gua yang edit dah,1.0
481,astagfirullah bisaÂ²nyaa lu berduaaaağŸ˜­,Netral,astagfirullah bisanyaa lu berduaaaa,1.0
482,tuhkan lagi dan lagi patah patahnya ğŸ˜­,Netral,tuhkan lagi dan lagi patah patahnya ,1.0
483,BJIR UDH PRO WKWKğŸ˜­,Netral,bjir udh pro wkwk,1.0
484,KOK GA VELOCITY MET?!?!,Netral,kok ga velocity met,1.0
485,Jhe jhase?????JJ???ğŸ˜­ğŸ˜­ğŸ˜­ğŸ˜­,Netral,jhe jhasejj,1.0
486,langsung bikin jir lahğŸ˜­,Netral,langsung bikin jir lah,1.0
487,"hm, ok bagus 80, perbaiki lg ya",Positive,hm ok bagus  perbaiki lg ya,2.0
488,CARMENNNNğŸ˜­!!,Netral,carmennnn,1.0
489,kaya nya cuma Carmen yang suka meletğŸ˜œ,Netral,kaya nya cuma carmen yang suka melet,1.0
490,MASYAALLAH REMIX ğŸ˜­ğŸ˜­ğŸ˜­,Positive,masyaallah remix ,2.0
491,tebak siapa yang ajakğŸ˜­,Netral,tebak siapa yang ajak,1.0
492,udah ketebak siapa yang ngajakğŸ¤­ğŸ¤­ğŸ¤,Netral,udah ketebak siapa yang ngajak,1.0
493,cocok divelocity in ğŸ˜­,Netral,cocok divelocity in ,1.0
494,KEBAYANG GA LO ARTIS SM BEGINI TANPA DI SPAM FANS TREND UDH DILAKUIN DULUAN ğŸ˜­ğŸ˜­ğŸ˜­,Netral,kebayang ga lo artis sm begini tanpa di spam fans trend udh dilakuin duluan ,1.0
495,ada aja gebrakkan nyağŸ˜­,Netral,ada aja gebrakkan nya,1.0
496,anjazzzğŸ™ƒğŸ˜,Positive,anjazzz,2.0
497,"wopss, koplooğŸ¥°",Positive,wopss koploo,2.0
498,men ini yang ngedit siape dah remed mulu dr kemarin,Netral,men ini yang ngedit siape dah remed mulu dr kemarin,1.0
499,"LAILAHAILALLAH, PASTI AJARAN CARMEN YAA?ğŸ˜­ğŸ˜­",Netral,lailahailallah pasti ajaran carmen yaa,1.0
500,tau kan siapa ketuanya ğŸ˜­ğŸ˜­,Netral,tau kan siapa ketuanya ,1.0
501,INI PASTI IDENYA SI CARMENğŸ˜­,Netral,ini pasti idenya si carmen,1.0
502,tarekkk mettt!! ğŸ˜­ğŸ¥°ğŸ˜ğŸ˜³,Positive,tarekkk mettt ,2.0
503,woyy carmen tau the chase ada Velocity ğŸ˜­ğŸ˜­,Netral,woyy carmen tau the chase ada velocity ,1.0
504,ga espek ada aj gebrakannyağŸ˜­ğŸ˜­,Netral,ga espek ada aj gebrakannya,1.0
505,PASTI YANG NGAJAK CARMEN KANğŸ˜­,Netral,pasti yang ngajak carmen kan,1.0
506,MEN UDAH MEN ğŸ¤ŸğŸ»ğŸ˜­ğŸ¤ŸğŸ» (sambil pelositi),Netral,men udah men  sambil pelositi,1.0
507,"NENG ,KAMU VELOCITY LAGII????ğŸ˜­ğŸ˜­",Netral,neng kamu velocity lagii,1.0
508,NEXT VELOCITY PROğŸ¤­,Netral,next velocity pro,1.0
509,"met, coba ajarin ian jj patah-patah",Netral,met coba ajarin ian jj patahpatah,1.0
510,ada wae gebrakan nee mettğŸ˜­ğŸ˜­,Netral,ada wae gebrakan nee mett,1.0
511,lama lama king nassar sama dewi persik bisa masuk circle mereka nihğŸ˜­,Netral,lama lama king nassar sama dewi persik bisa masuk circle mereka nih,1.0
512,"""Jhe Jhase""",Netral,jhe jhase,1.0
513,CARMETğŸ˜­ğŸ™ğŸ» CARMENN INGET LU IDOLLğŸ’…ğŸ»ğŸ˜­,Netral,carmet carmenn inget lu idoll,1.0
514,tebak yang ajakğŸ¤­,Netral,tebak yang ajak,1.0
515,ya Allah Nemu aja sound beginian mennn carmen ğŸ˜­,Netral,ya allah nemu aja sound beginian mennn carmen ,1.0
516,anjayy the chase velocityğŸ˜œğŸ¤ŸğŸ»,Positive,anjayy the chase velocity,2.0
517,SERUU BGT NGESTAN GRUP INIğŸ˜©ğŸ˜©,Positive,seruu bgt ngestan grup ini,2.0
518,tebak yang ngide bikin ini siapa,Netral,tebak yang ngide bikin ini siapa,1.0
519,"carmen, anj.... ğŸ˜”",Negative,carmen anj ,0.0
520,di ketuai oleh carmen pastiğŸ˜­,Netral,di ketuai oleh carmen pasti,1.0
521,"gawat, mereka udah kecanduan ğŸ˜Ÿ",Netral,gawat mereka udah kecanduan ,1.0
522,TEBAK SIAPA YANG AJAK ğŸ«µğŸ»ğŸ˜­,Netral,tebak siapa yang ajak ,1.0
523,velocity apaan ini metğŸ˜­ğŸ˜­ğŸ˜­,Netral,velocity apaan ini met,1.0
524,sound remix nya udah sampe ke mereka plisğŸ˜­ğŸ˜­ğŸ˜­,Netral,sound remix nya udah sampe ke mereka plis,1.0
525,TIBA-TIBA BANGETTTğŸ˜­ğŸ˜­ğŸ˜­,Netral,tibatiba bangettt,1.0
526,carmen lagi nih pasti ğŸ˜­ğŸ˜­ğŸ˜­,Netral,carmen lagi nih pasti ,1.0
527,HAH GA SALAH DENGER INI???? ğŸ˜­ğŸ˜­,Netral,hah ga salah denger ini ,1.0
528,ANJAAYY ASIKIN MET ...,Netral,anjaayy asikin met ,1.0
529,ada aja gebrakannyaa mett mett,Netral,ada aja gebrakannyaa mett mett,1.0
530,DITUNGGU JJ THE CHASE NYAA CARMENNğŸ‘,Netral,ditunggu jj the chase nyaa carmenn,1.0
531,JJ = Jhe Jhase ğŸ˜­,Netral,jj  jhe jhase ,1.0
532,jedag jedug bangett nih men? ğŸ˜­,Netral,jedag jedug bangett nih men ,1.0
533,anjay gercep,Netral,anjay gercep,1.0
534,OMG JHE JHASEğŸ˜­ğŸ˜­ğŸ¤ŸğŸ»,Positive,omg jhe jhase,2.0
535,baca komen ga ya si carmen ini ğŸ˜­,Netral,baca komen ga ya si carmen ini ,1.0
536,"ga semua cocok di velocity, fansnya pada napa dah ğŸ˜†",Negative,ga semua cocok di velocity fansnya pada napa dah ,0.0
537,velocity asekk ğŸ˜­,Netral,velocity asekk ,1.0
538,buzzer enha dimana mana anjiir,Netral,buzzer enha dimana mana anjiir,1.0
539,Tebak siapa yg ngajakğŸ˜­,Netral,tebak siapa yg ngajak,1.0
540,ANJAYY METT,Netral,anjayy mett,1.0
541,"oke, ini bisa velocity. buatin dance velocity ulang men",Netral,oke ini bisa velocity buatin dance velocity ulang men,1.0
542,CARMEN LU BENER2 YEğŸ˜­ğŸ˜­ğŸ˜­,Netral,carmen lu bener ye,1.0
543,REMED MENN TAPI ITS OKEYğŸ˜­ğŸ˜­,Netral,remed menn tapi its okey,1.0
544,terserah kalian aja ğŸ¥°,Netral,terserah kalian aja ,1.0
545,men malu ihhğŸ˜­,Netral,men malu ihh,1.0
546,"carmen lu bener"" ye ğŸ˜­ğŸ˜­ğŸ˜­",Netral,carmen lu bener ye ,1.0
547,stop mettğŸ˜­,Netral,stop mett,1.0
548,ğŸ˜‚ besokÂ² dikenalin sama dangdut mennğŸ˜‚ğŸ˜‚,Netral, besok dikenalin sama dangdut menn,1.0
549,pasti yang edit Carmen ğŸ—¿,Netral,pasti yang edit carmen ,1.0
550,namanya juga carmen,Netral,namanya juga carmen,1.0
551,MEN BUAT VELOCITY BALIIğŸ˜±,Netral,men buat velocity balii,1.0
552,"OKEE, GA REMEDğŸ˜­ğŸ˜­",Netral,okee ga remed,1.0
553,CARMEN apalagi ini? ğŸ˜­,Netral,carmen apalagi ini ,1.0
554,NAH KALO GINI KAN LEBIH ASIKKğŸ’ƒğŸ»ğŸ’ƒğŸ»ğŸ’ƒğŸ»,Netral,nah kalo gini kan lebih asikk,1.0
555,tebak ketuağŸ¥°ğŸ¥°ğŸ¥°,Netral,tebak ketua,1.0
556,anjai carmettğŸ˜,Netral,anjai carmett,1.0
557,dasar bocah gen z,Negative,dasar bocah gen z,0.0
558,ANJAYY ğŸ˜­ğŸ”¥ğŸ”¥,Positive,anjayy ,2.0
559,mata cermen mirip ci villmey,Netral,mata cermen mirip ci villmey,1.0
560,INI GRUP ISINYA GEN Z SEMUA YAWWğŸ˜­ğŸ˜­,Netral,ini grup isinya gen z semua yaww,1.0
561,masi remed men,Netral,masi remed men,1.0
562,a na ketularan,Netral,a na ketularan,1.0
563,TKW gua emang beda dah,Netral,tkw gua emang beda dah,1.0
564,udah ketebak kan siapa yang ajakğŸ˜­,Netral,udah ketebak kan siapa yang ajak,1.0
565,jedag jedug bjir,Netral,jedag jedug bjir,1.0
566,Men koplo in dongh,Netral,men koplo in dongh,1.0
567,"Entah kenapa setiap liat a-na, selalu keinget masa lalunya jualan bayamğŸ˜…",Negative,entah kenapa setiap liat ana selalu keinget masa lalunya jualan bayam,0.0
568,fiks akunnya lagi di pegang mbak tkw,Netral,fiks akunnya lagi di pegang mbak tkw,1.0
569,Di posting ulang Justinian inshine jir ğŸ˜­ğŸ˜­ğŸ˜­,Netral,di posting ulang justinian inshine jir ,1.0
570,Velocity apalagi ini carmen,Netral,velocity apalagi ini carmen,1.0
571,"bikin velocity kutukan mantan kak, udah followâ˜ºï¸",Netral,bikin velocity kutukan mantan kak udah follow,1.0
572,humorku sebatas jhe jhaseğŸ˜­ğŸ™,Netral,humorku sebatas jhe jhase,1.0
573,ini adminnya h2h peka bgt siiğŸ¥°ğŸ¥°,Negative,ini adminnya hh peka bgt sii,0.0
574,remed gk sihğŸ˜­ğŸ™,Netral,remed gk sih,1.0
575,wow pasti itu light stick h2h,Netral,wow pasti itu light stick hh,1.0
576,ASEEK THE CHASE VELOCITYYYğŸ˜,Positive,aseek the chase velocityyy,2.0
577,kalo carmen yang ngajak psti velocity sampe embat ke memberğŸ˜­,Netral,kalo carmen yang ngajak psti velocity sampe embat ke member,1.0
578,karepmu menğŸ¥°,Netral,karepmu men,1.0
579,tebak siapa yg ngajak,Netral,tebak siapa yg ngajak,1.0
580,ASEK METğŸ˜­ğŸ˜‹,Netral,asek met,1.0
581,REMED LAGI MEN ğŸ˜­ğŸ˜­ tapi gapapa kokk kaget bgt tiba2 lewat fyp,Netral,remed lagi men  tapi gapapa kokk kaget bgt tiba lewat fyp,1.0
582,REMEDDDSSS,Netral,remedddsss,1.0
583,carmetttttğŸ’—,Positive,carmettttt,2.0
584,LUCUUUNAAAAğŸ¥°,Positive,lucuuunaaaa,2.0
585,EH ANJIRğŸ˜­ğŸ˜­,Netral,eh anjir,1.0
586,gua kira yg kiri cermenğŸ˜­,Netral,gua kira yg kiri cermen,1.0
587,Ngk bosan liat CarmenğŸ˜ğŸ˜ğŸ˜ğŸ¥°ğŸ¥°,Positive,ngk bosan liat carmen,2.0
588,bener bener carmet ğŸ˜­,Netral,bener bener carmet ,1.0
589,sumpah ya,Netral,sumpah ya,1.0
590,WOILAHğŸ¤ŸğŸ¤ŸğŸ¤ŸğŸ˜,Netral,woilah,1.0
591,anjay the chase Velocity ğŸ˜­âœ¨,Positive,anjay the chase velocity ,2.0
592,pasti yg di ajak korban a-na coba ajak jiwoo dah metğŸ˜­ğŸ˜­ğŸ˜­,Netral,pasti yg di ajak korban ana coba ajak jiwoo dah met,1.0
593,mulai dah lo met,Netral,mulai dah lo met,1.0
594,fighting carmen â¤ï¸,Positive,fighting carmen ,2.0
595,CARMEN YAğŸ˜­ğŸ˜­,Netral,carmen ya,1.0
596,men udah men ya allah ğŸ˜­,Netral,men udah men ya allah ,1.0
597,"curiga si carmen tiap hari mantauin tiktok bae, tiap hari ngeliatin foto dia yg di jj in pasti",Netral,curiga si carmen tiap hari mantauin tiktok bae tiap hari ngeliatin foto dia yg di jj in pasti,1.0
598,WKWK LUCU BANGET PAKE SOUND DJ REMIX NYA ğŸ˜­ğŸ˜­,Netral,wkwk lucu banget pake sound dj remix nya ,1.0
599,GA EKSPEK THE CHASE DIBIKIN JJ VELOCITYğŸ˜­,Netral,ga ekspek the chase dibikin jj velocity,1.0
600,ubur ubur ikan lele apa nih le ğŸ˜­ğŸ˜‚,Netral,ubur ubur ikan lele apa nih le ,1.0
601,TUTOR VELOCITY SINI,Netral,tutor velocity sini,1.0
602,asikkkğŸ’ƒğŸ»,Positive,asikkk,2.0
603,YA AMPUNğŸ˜­,Netral,ya ampun,1.0
604,challenge velocity ver pro max pliss!!!!!ğŸ™ğŸ»ğŸ™ğŸ»,Netral,challenge velocity ver pro max pliss,1.0
605,ngakak banget gue ğŸ˜­ğŸ˜­ğŸ˜­,Netral,ngakak banget gue ,1.0
606,yeppeo menğŸ¥°,Positive,yeppeo men,2.0
607,ANAAA MY BIASğŸ˜,Positive,anaaa my bias,2.0
608,pakai am ya ngeditnya soalnya dari gamma nya keliatan bangetğŸ˜­,Netral,pakai am ya ngeditnya soalnya dari gamma nya keliatan banget,1.0
609,Gak kebayang kalo mereka nari BaliğŸ¤­ğŸ™ŒğŸŒ·,Netral,gak kebayang kalo mereka nari bali,1.0
610,"MA SYA ALLAH, otw bkin ahhğŸ¥°",Positive,ma sya allah otw bkin ahh,2.0
611,gkuat,Netral,gkuat,1.0
612,makin makin ğŸ¥°ğŸ¥°,Netral,makin makin ,1.0
613,jj = jhe jhaseğŸ˜­,Netral,jj  jhe jhase,1.0
614,yaampun mennnğŸ˜­,Netral,yaampun mennn,1.0
615,ğŸ’“2ğŸ’“ cuteeeeeee,Positive, cuteeeeeee,2.0
616,proud of you 2 beautiful girl,Positive,proud of you  beautiful girl,2.0
617,I like this,Positive,i like this,2.0
618,wwwww A-na and Carmen very beautiful,Positive,wwwww ana and carmen very beautiful,2.0
619,sekarang lagu the chase yg dijadikan Velocity carmet ğŸ˜…,Netral,sekarang lagu the chase yg dijadikan velocity carmet ,1.0
620,Carmen astaga,Netral,carmen astaga,1.0
621,bukan velocity manual lagi ya ğŸ˜­ğŸ—¿,Netral,bukan velocity manual lagi ya ,1.0
622,jedag jedug menduniağŸ¤£â¤ï¸,Netral,jedag jedug mendunia,1.0
623,gebrakan baru macam apa iniğŸ˜°ğŸ˜° meresahkan sekali,Netral,gebrakan baru macam apa ini meresahkan sekali,1.0
624,WOY.,Negative,woy,0.0
625,jangan lupa jj guysğŸ˜‹ğŸ¤˜ğŸ»,Netral,jangan lupa jj guys,1.0
626,APAA INI CARMEENNNğŸ˜­,Netral,apaa ini carmeennn,1.0
627,men? truss kan bakat velocity mu,Netral,men truss kan bakat velocity mu,1.0
628,plastik,Negative,plastik,0.0
629,ketebak siapa yg ngajakğŸ˜­,Netral,ketebak siapa yg ngajak,1.0
630,remedd gaaağŸ¥°,Netral,remedd gaaa,1.0
631,caper,Negative,caper,0.0
632,tau kan siapa yang ngajak,Netral,tau kan siapa yang ngajak,1.0
633,kirian tdk wony,Negative,kirian tdk wony,0.0
634,MENYALA CARMEN KUUU,Positive,menyala carmen kuuu,2.0
635,met udah metğŸ˜”,Netral,met udah met,1.0
636,"1,5x kane bro",Netral,x kane bro,1.0
637,carmet ada aja idenya,Positive,carmet ada aja idenya,2.0
638,waduhhh sipaling Velocity ğŸ˜­,Netral,waduhhh sipaling velocity ,1.0
639,Hahahah menyala carmen ku â¤ï¸â¤ï¸â¤ï¸,Positive,hahahah menyala carmen ku ,2.0
640,wkwkwk ayo men buat jedag jedug biar asikk,Netral,wkwkwk ayo men buat jedag jedug biar asikk,1.0
641,CARMEN MALU IHğŸ˜­ğŸ˜­ğŸ˜­ğŸ˜­,Netral,carmen malu ih,1.0
642,STRESS SEMUA STRESSS ğŸ˜­ğŸ˜­ğŸ˜­ğŸ¤£ğŸ¤£ğŸ¤£,Netral,stress semua stresss ,1.0
643,Bener bener ya carmet,Netral,bener bener ya carmet,1.0
644,ANJRETTTğŸ˜…,Netral,anjrettt,1.0
645,CARMEN = QUEEN,Positive,carmen  queen,2.0
646,men udah menğŸ˜­ğŸ˜­ğŸ˜­ğŸ˜­,Netral,men udah men,1.0
647,WOOIIIğŸ˜­ğŸ˜­ğŸ˜­ğŸ˜­ğŸ˜­,Netral,wooiii,1.0
648,nyampeeeee aja ywalaaağŸ˜­ğŸ™ğŸ¥°ğŸ’–,Netral,nyampeeeee aja ywalaaa,1.0
649,ngak espek plisssğŸ˜­ğŸ˜­ğŸ˜­,Netral,ngak espek plisss,1.0
650,anjay lulusğŸ¤©,Positive,anjay lulus,2.0
651,astagfirullah lucu bgttttt,Positive,astagfirullah lucu bgttttt,2.0
652,men malu ihhğŸ˜­,Netral,men malu ihh,1.0
653,mettttâ˜º,Netral,metttt,1.0
654,Dapet aja anjir heran ğŸ˜­ğŸ˜­,Netral,dapet aja anjir heran ,1.0
655,et dah di ajak jj nggak tuhh,Netral,et dah di ajak jj nggak tuhh,1.0
656,carmeenn kamuuu kereen bangeeettt semangaaat yaaaa,Positive,carmeenn kamuuu kereen bangeeettt semangaaat yaaaa,2.0
657,hp kalo di pegang sama Carmen,Netral,hp kalo di pegang sama carmen,1.0
658,mennnğŸ˜­ğŸ˜­,Netral,mennn,1.0
659,"gpp meningkat, yang ini lebih slowmoğŸ˜­",Positive,gpp meningkat yang ini lebih slowmo,2.0
